-- Sample generated data
INSERT INTO authors (id, first_name, last_name) VALUES
(1, 'John', 'Smith'),
(2, 'Emma', 'Johnson'),
(3, 'Michael', 'Brown'),
(4, 'Sarah', 'Davis'),
(5, 'James', 'Wilson'),
(6, 'Emily', 'Taylor'),
(7, 'David', 'Anderson'),
(8, 'Olivia', 'Martinez'),
(9, 'William', 'Thomas'),
(10, 'Sophia', 'Garcia'),
(11, 'Robert', 'Moore'),
(12, 'Isabella', 'Lee'),
(13, 'Thomas', 'Clark'),
(14, 'Ava', 'Rodriguez'),
(15, 'Charles', 'Lewis'),
(16, 'Mia', 'Walker'),
(17, 'Joseph', 'Hall'),
(18, 'Charlotte', 'Allen'),
(19, 'Daniel', 'Young'),
(20, 'Amelia', 'King');

INSERT INTO books (id, title, isbn) VALUES
(1, 'The Silent Forest', '9780123456479'),
(2, 'Echoes of Time', '9780123456486'),
(3, 'Shadows of Dawn', '9780123456493'),
(4, 'The Lost Kingdom', '9780123456509'),
(5, 'Whispers in the Dark', '9780123456516'),
(6, 'The Crimson Tide', '9780123456523'),
(7, 'A Journey Beyond', '9780123456530'),
(8, 'The Hidden Truth', '9780123456547'),
(9, 'Beneath the Stars', '9780123456554'),
(10, 'The Last Horizon', '9780123456561'),
(11, 'Winds of Fate', '9780123456578'),
(12, 'The Forgotten Realm', '9780123456585'),
(13, 'Secrets of the Deep', '9780123456592'),
(14, 'The Eternal Flame', '9780123456608'),
(15, 'Through the Mist', '9780123456615'),
(16, 'The Shattered Crown', '9780123456622'),
(17, 'Echoes of Eternity', '9780123456639'),
(18, 'The Wandering Soul', '9780123456646'),
(19, 'The Golden Path', '9780123456653'),
(20, 'Beyond the Veil', '9780123456660'),
(21, 'The Iron Throne', '9780123456677'),
(22, 'The Crystal Sea', '9780123456684'),
(23, 'The Midnight Sun', '9780123456691'),
(24, 'The Fallen Star', '9780123456707'),
(25, 'The Endless Night', '9780123456714'),
(26, 'The Silver Blade', '9780123456721'),
(27, 'The Ancient Prophecy', '9780123456738'),
(28, 'The Burning Sky', '9780123456745'),
(29, 'The Lost Chronicles', '9780123456752'),
(30, 'The Emerald Isle', '9780123456769'),
(31, 'The Shadowed Path', '9780123456776'),
(32, 'The Rising Storm', '9780123456783'),
(33, 'The Frozen Wastes', '9780123456790'),
(34, 'The Sacred Oath', '9780123456806'),
(35, 'The Twilight Realm', '9780123456813'),
(36, 'The Phantom Key', '9780123456820'),
(37, 'The Crimson Dawn', '9780123456837'),
(38, 'The Eternal Quest', '9780123456844'),
(39, 'The Whispering Woods', '9780123456851'),
(40, 'The Darkened Shore', '9780123456868'),
(41, 'The Golden Compass', '9780123456875'),
(42, 'The Silent Blade', '9780123456882'),
(43, 'The Storm Within', '9780123456899'),
(44, 'The Hidden Realm', '9780123456905'),
(45, 'The Crystal Throne', '9780123456912'),
(46, 'The Shadow King', '9780123456929'),
(47, 'The Lost Prophecy', '9780123456936'),
(48, 'The Eternal Watch', '9780123456943'),
(49, 'The Crimson Veil', '9780123456950'),
(50, 'The Forgotten Song', '9780123456967'),
(51, 'The Wandering Star', '9780123456974'),
(52, 'The Iron Crown', '9780123456981'),
(53, 'The Twilight Sea', '9780123456998'),
(54, 'The Sacred Flame', '9780123457001'),
(55, 'The Endless Voyage', '9780123457018'),
(56, 'The Silver Moon', '9780123457025'),
(57, 'The Ancient Ruins', '9780123457032'),
(58, 'The Burning Sands', '9780123457049'),
(59, 'The Lost Legacy', '9780123457056'),
(60, 'The Emerald Crown', '9780123457063'),
(61, 'The Shadowed Vale', '9780123457070'),
(62, 'The Rising Dawn', '9780123457087'),
(63, 'The Frozen Realm', '9780123457094'),
(64, 'The Sacred Quest', '9780123457100'),
(65, 'The Twilight Blade', '9780123457117'),
(66, 'The Phantom Light', '9780123457124'),
(67, 'The Crimson Star', '9780123457131'),
(68, 'The Eternal Flame', '9780123457148'),
(69, 'The Whispering Sky', '9780123457155'),
(70, 'The Darkened Path', '9780123457162'),
(71, 'The Golden Tide', '9780123457179'),
(72, 'The Silent Storm', '9780123457186'),
(73, 'The Hidden Crown', '9780123457193'),
(74, 'The Crystal Path', '9780123457209'),
(75, 'The Shadow Realm', '9780123457216'),
(76, 'The Lost Kingdom', '9780123457223'),
(77, 'The Eternal Song', '9780123457230'),
(78, 'The Crimson Blade', '9780123457247'),
(79, 'The Forgotten Vale', '9780123457254'),
(80, 'The Wandering Flame', '9780123457261'),
(81, 'The Iron Sea', '9780123457278'),
(82, 'The Twilight Crown', '9780123457285'),
(83, 'The Sacred Star', '9780123457292'),
(84, 'The Endless Realm', '9780123457308'),
(85, 'The Silver Tide', '9780123457315'),
(86, 'The Ancient Flame', '9780123457322'),
(87, 'The Burning Crown', '9780123457339'),
(88, 'The Lost Voyage', '9780123457346'),
(89, 'The Emerald Path', '9780123457353'),
(90, 'The Shadowed Sky', '9780123457360'),
(91, 'The Rising Blade', '9780123457377'),
(92, 'The Frozen Crown', '9780123457384'),
(93, 'The Sacred Tide', '9780123457391'),
(94, 'The Twilight Storm', '9780123457407'),
(95, 'The Phantom Realm', '9780123457414'),
(96, 'The Crimson Light', '9780123457421'),
(97, 'The Eternal Path', '9780123457438'),
(98, 'The Whispering Tide', '9780123457445'),
(99, 'The Darkened Crown', '9780123457452'),
(100, 'The Golden Realm', '9780123457469');

INSERT INTO books_authors (book_id, author_id) VALUES
(1, 1), (1, 2), (2, 3), (3, 4), (3, 5), (4, 6), (5, 7), (5, 8),
(6, 9), (7, 10), (7, 11), (8, 12), (9, 13), (9, 14), (10, 15),
(11, 16), (12, 17), (12, 18), (13, 19), (14, 20), (15, 1), (15, 2),
(16, 3), (17, 4), (18, 5), (18, 6), (19, 7), (20, 8), (21, 9), (21, 10),
(22, 11), (23, 12), (24, 13), (25, 14), (25, 15), (26, 16), (27, 17),
(28, 18), (29, 19), (30, 20), (31, 1), (32, 2), (33, 3), (34, 4),
(35, 5), (36, 6), (37, 7), (38, 8), (39, 9), (40, 10), (41, 11),
(42, 12), (43, 13), (44, 14), (45, 15), (46, 16), (47, 17), (48, 18),
(49, 19), (50, 20), (51, 1), (52, 2), (53, 3), (54, 4), (55, 5),
(56, 6), (57, 7), (58, 8), (59, 9), (60, 10), (61, 11), (62, 12),
(63, 13), (64, 14), (65, 15), (66, 16), (67, 17), (68, 18), (69, 19),
(70, 20), (71, 1), (72, 2), (73, 3), (74, 4), (75, 5), (76, 6),
(77, 7), (78, 8), (79, 9), (80, 10), (81, 11), (82, 12), (83, 13),
(84, 14), (85, 15), (86, 16), (87, 17), (88, 18), (89, 19), (90, 20),
(91, 1), (92, 2), (93, 3), (94, 4), (95, 5), (96, 6), (97, 7), (98, 8),
(99, 9), (100, 10), (1, 11), (2, 12), (3, 13), (4, 14), (5, 15),
(6, 16), (7, 17), (8, 18), (9, 19), (10, 20), (11, 1), (12, 2),
(13, 3), (14, 4), (15, 5), (16, 6), (17, 7), (18, 8), (19, 9),
(20, 10), (21, 11), (22, 12), (23, 13), (24, 14), (25, 15), (26, 16),
(27, 17), (28, 18), (29, 19), (30, 20), (31, 1), (32, 2), (33, 3),
(34, 4), (35, 5), (36, 6), (37, 7), (38, 8), (39, 9), (40, 10);

INSERT INTO users (id, username, email) VALUES
(1, 'alice123', 'alice.jones@example.com'),
(2, 'bobsmith', 'bob.smith@example.com'),
(3, 'clara_w', 'clara.white@example.com'),
(4, 'dave89', 'dave.miller@example.com'),
(5, 'eve_green', 'eve.green@example.com'),
(6, 'frank_b', 'frank.brown@example.com'),
(7, 'grace_hill', 'grace.hill@example.com'),
(8, 'hank_j', 'hank.jackson@example.com'),
(9, 'iris_k', 'iris.king@example.com'),
(10, 'jack_l', 'jack.lee@example.com'),
(11, 'kate_m', 'kate.moore@example.com'),
(12, 'leo_n', 'leo.nelson@example.com'),
(13, 'mia_p', 'mia.parker@example.com'),
(14, 'nora_q', 'nora.quinn@example.com'),
(15, 'oliver_r', 'oliver.reed@example.com'),
(16, 'penny_s', 'penny.stone@example.com'),
(17, 'quinn_t', 'quinn.taylor@example.com'),
(18, 'rose_u', 'rose.underwood@example.com'),
(19, 'sam_v', 'sam.vance@example.com'),
(20, 'tina_w', 'tina.walker@example.com'),
(21, 'uma_x', 'uma.xavier@example.com'),
(22, 'victor_y', 'victor.young@example.com'),
(23, 'wendy_z', 'wendy.zoe@example.com'),
(24, 'xander_a', 'xander.adams@example.com'),
(25, 'yara_b', 'yara.baker@example.com'),
(26, 'zane_c', 'zane.carter@example.com'),
(27, 'abby_d', 'abby.davis@example.com'),
(28, 'ben_e', 'ben.evans@example.com'),
(29, 'cara_f', 'cara.foster@example.com'),
(30, 'dan_g', 'dan.gray@example.com'),
(31, 'ella_h', 'ella.hill@example.com'),
(32, 'finn_i', 'finn.irwin@example.com'),
(33, 'gina_j', 'gina.jones@example.com'),
(34, 'hal_k', 'hal.king@example.com'),
(35, 'ida_l', 'ida.lewis@example.com'),
(36, 'jon_m', 'jon.martin@example.com'),
(37, 'kim_n', 'kim.nelson@example.com'),
(38, 'luke_o', 'luke.owens@example.com'),
(39, 'mia_p2', 'mia.parker2@example.com'),
(40, 'ned_q', 'ned.quinn@example.com'),
(41, 'ora_r', 'ora.reed@example.com'),
(42, 'pat_s', 'pat.stone@example.com'),
(43, 'quincy_t', 'quincy.taylor@example.com'),
(44, 'ruth_u', 'ruth.underwood@example.com'),
(45, 'seth_v', 'seth.vance@example.com'),
(46, 'tara_w', 'tara.walker@example.com'),
(47, 'uma_x2', 'uma.xavier2@example.com'),
(48, 'vic_y', 'vic.young@example.com'),
(49, 'wade_z', 'wade.zoe@example.com'),
(50, 'xena_a', 'xena.adams@example.com');

INSERT INTO borrowings (id, book_id, user_id, borrow_date, return_date) VALUES
(1, 1, 1, '2025-03-01 10:00:00', NULL),
(2, 3, 2, '2025-03-02 14:30:00', '2025-03-15 09:00:00'),
(3, 5, 3, '2025-03-03 09:15:00', NULL),
(4, 7, 4, '2025-03-04 16:45:00', NULL),
(5, 10, 5, '2025-03-05 11:20:00', '2025-03-20 13:00:00'),
(6, 12, 6, '2025-03-06 13:00:00', NULL),
(7, 15, 7, '2025-03-07 15:30:00', '2025-03-22 10:00:00'),
(8, 18, 8, '2025-03-08 09:45:00', NULL),
(9, 20, 9, '2025-03-09 12:15:00', NULL),
(10, 23, 10, '2025-03-10 17:00:00', '2025-03-25 14:00:00'),
(11, 25, 11, '2025-03-11 08:30:00', NULL),
(12, 28, 12, '2025-03-12 11:45:00', NULL),
(13, 30, 13, '2025-03-13 14:00:00', '2025-03-28 16:00:00'),
(14, 33, 14, '2025-03-14 10:15:00', NULL),
(15, 35, 15, '2025-03-15 13:30:00', NULL),
(16, 38, 16, '2025-03-16 16:45:00', '2025-03-30 09:30:00'),
(17, 40, 17, '2025-03-17 09:00:00', NULL),
(18, 43, 18, '2025-03-18 12:00:00', NULL),
(19, 45, 19, '2025-03-19 15:15:00', '2025-04-01 11:00:00'),
(20, 48, 20, '2025-03-20 10:30:00', NULL),
(21, 50, 21, '2025-03-21 13:45:00', NULL),
(22, 53, 22, '2025-03-22 16:00:00', '2025-04-05 14:30:00'),
(23, 55, 23, '2025-03-23 09:15:00', NULL),
(24, 58, 24, '2025-03-24 12:30:00', NULL),
(25, 60, 25, '2025-03-25 15:45:00', '2025-04-08 10:00:00'),
(26, 63, 26, '2025-03-26 11:00:00', NULL),
(27, 65, 27, '2025-03-27 14:15:00', NULL),
(28, 68, 28, '2025-03-28 17:30:00', '2025-04-10 12:45:00'),
(29, 70, 29, '2025-03-29 10:45:00', NULL),
(30, 73, 30, '2025-03-30 13:00:00', NULL);

INSERT INTO borrowing_details (id, user_id, contact_phone) VALUES
(1, 1, '+1-555-123-4567'),
(2, 2, '+1-555-234-5678'),
(3, 3, '+1-555-345-6789'),
(4, 4, '+1-555-456-7890'),
(5, 5, '+1-555-567-8901'),
(6, 6, '+1-555-678-9012'),
(7, 7, '+1-555-789-0123'),
(8, 8, '+1-555-890-1234'),
(9, 9, '+1-555-901-2345'),
(10, 10, '+1-555-012-3456');
